6bc0405,Yangxiao Wang,22 minutes ago,Merge pull request #3 from lytbfml/testIgnore
00dae36,YWG\Yangxiao,23 minutes ago,ag1back
60a994e,YWG\Yangxiao,23 minutes ago,ag1Dl
1f522d9,YWG\Yangxiao,24 minutes ago,5back
5ce6e36,YWG\Yangxiao,24 minutes ago,5fix
192ceb1,YWG\Yangxiao,27 minutes ago,add lab8 back
8c13f99,YWG\Yangxiao,28 minutes ago,dllab8
b5d05f4,YWG\Yangxiao,34 minutes ago,cont more
eba43e3,YWG\Yangxiao,37 minutes ago,cont
faf120a,YWG\Yangxiao,45 minutes ago,cont
305c346,YWG\Yangxiao,48 minutes ago,lab9 g
55e905e,YWG\Yangxiao,51 minutes ago,lab5 ignore
c7529a3,YWG\Yangxiao,55 minutes ago,ignore final fix
4e6cd45,YWG\Yangxiao,56 minutes ago,ignore
78bf98b,YWG\Yangxiao,59 minutes ago,ignore file
4c3a5cb,YWG\Yangxiao,62 minutes ago,build file fix
72705ce,YWG\Yangxiao,63 minutes ago,ignore build files
c53407e,YWG\Yangxiao,63 minutes ago,add lab9
fb9ee4a,YWG\Yangxiao,66 minutes ago,fix for lab3
39e63d6,YWG\Yangxiao,67 minutes ago,addlab3
988931f,YWG\Yangxiao,75 minutes ago,add lab3
4543945,YWG\Yangxiao,76 minutes ago,ignore
4d45627,YWG\Yangxiao,77 minutes ago,Merge branch 'master' of https://github.com/lytbfml/AndroidLabs
969c8b9,YWG\Yangxiao,77 minutes ago,updates
bcfaba2,Yangxiao Wang,78 minutes ago,Merge pull request #2 from lytbfml/lab9
f420d86,Yangxiao Wang,81 minutes ago,Merge pull request #1 from lytbfml/lab8
625e15e,Yangxiao Wang,84 minutes ago,lab9
f773f66,Yangxiao Wang,2 hours ago,lab9up
1c19862,Yangxiao Wang,8 days ago,finished
8e02a27,YWG\Yangxiao,2 weeks ago,change to gridview
ee6314c,YWG\Yangxiao,2 weeks ago,added demo
230bace,YWG\Yangxiao,2 weeks ago,geoquiz for hw3 finished
bed8f12,YWG\Yangxiao,2 weeks ago,Merge branch 'lab7'
bc6c943,Yangxiao Wang,2 weeks ago,Finished
7a290c0,YWG\Yangxiao,2 weeks ago,mod
ac52cbd,Yangxiao Wang,3 weeks ago,implement songlist
462e21e,Yangxiao Wang,3 weeks ago,add lab 7
372267b,Yangxiao Wang,3 weeks ago,add files
d41ba4e,Yangxiao Wang,3 weeks ago,Create README.md
9a2b05a,Yangxiao Wang,3 weeks ago,Initial commit